店名,網址,產品類型,與麵粉共用產線
Boske,https://boske.waca.tw/category/35615,米吐司,是
起士公爵,https://shop.cheeseduke.com.tw/pages/where-to-buy,甜點,是
蔬特羅,https://trueterral.com/,蛋白粉,否
米謝爾布魯,https://www.michelbru.shop/tw/,西式餐點,是
Deja Vu轉角遇見幸福,https://www.facebook.com/MissLavendeBaking,甜點,是
恬米屋,https://www.sweetricehouse.com.tw/dm.html,米甜點,否
無敏食堂,https://www.facebook.com/DairyGlutenEggFreeDeserts,"米饅頭,米甜點",否
微裸 純素無麩質甜點,https://www.facebook.com/velvegan/,甜點,
蜜多甜,https://www.facebook.com/HoneyBakeryGlutenFree/,甜點,否
牛菓子,https://www.facebook.com/2017naturalfood/,甜點,否
切麩之tone,https://www.facebook.com/%E5%88%87%E9%BA%A9%E4%B9%8Btone-101490154970453/,甜點,否
岑食農產手作坊,https://www.facebook.com/cenfood/,米餅乾,是
日以作夜-純素無麩質烘焙及料理空間,https://www.facebook.com/dayfornight20180114/,甜點,否
樂米鬆餅,https://www.facebook.com/%E6%A8%82%E7%B1%B3%E9%AC%86%E9%A4%85-683183135474415/,甜點,否